[{"id":"43","firstName":"Hardik","lastName":"Rana","noOfPassengers":3,"classOfTravel":"ECONOMY","phoneNo":"1234567890","dateOfDeparture":"2024-12-15","customerId":0,"payments":null},{"id":"123","firstName":"dc","lastName":"cxc","noOfPassengers":0,"classOfTravel":"ECONOMY","phoneNo":"1234567890","dateOfDeparture":"2024-12-12","customerId":0,"payments":null},{"id":"345","firstName":"Richard","lastName":"Jos","noOfPassengers":0,"classOfTravel":"BUSINESS","phoneNo":"12345678","dateOfDeparture":"2024-12-12","customerId":0,"payments":null},{"id":"1111","firstName":"Ayushi","lastName":"Modi","noOfPassengers":8,"classOfTravel":"ECONOMY","phoneNo":"4379810879","dateOfDeparture":"2025-04-08","customerId":0,"payments":null},{"id":"35050","firstName":"Ayushi","lastName":"Modi","noOfPassengers":8,"classOfTravel":"ECONOMY","phoneNo":"4379810879","dateOfDeparture":"2025-04-14","customerId":0,"payments":null},{"id":"35050","firstName":"Ayushi","lastName":"Modi","noOfPassengers":8,"classOfTravel":"ECONOMY","phoneNo":"4379810879","dateOfDeparture":"2025-04-14","customerId":0,"payments":null},{"id":"35050","firstName":"Ayushi","lastName":"Modi","noOfPassengers":8,"classOfTravel":"ECONOMY","phoneNo":"4379810879","dateOfDeparture":"2025-04-17","customerId":0,"payments":null},{"id":"12121","firstName":"Ayushi","lastName":"Modi","noOfPassengers":11,"classOfTravel":"ECONOMY","phoneNo":"121212","dateOfDeparture":"12/12/12","customerId":0,"payments":null},{"id":"123123","firstName":"Sir Vivek","lastName":"Ahuja","noOfPassengers":1,"classOfTravel":"BUSINESS","phoneNo":"1234567891","dateOfDeparture":"12/12/12","customerId":0,"payments":null},{"id":"123","firstName":"Peter","lastName":"Thomas","noOfPassengers":1,"classOfTravel":"ECONOMY","phoneNo":"1234567892","dateOfDeparture":"12/05/2022","customerId":0,"payments":null},{"id":"123456","firstName":"Ayushi","lastName":"Modi","noOfPassengers":2,"classOfTravel":"ECONOMY","phoneNo":"1234567892","dateOfDeparture":"12/12/2022","customerId":0,"payments":null},{"id":"123","firstName":"ayushi2","lastName":"modi2","noOfPassengers":4,"classOfTravel":"BUSINESS","phoneNo":"7894561231","dateOfDeparture":"12/12/2022","customerId":0,"payments":null},{"id":"455454","firstName":"john","lastName":"doe","noOfPassengers":2,"classOfTravel":"BUSINESS","phoneNo":"7894561235","dateOfDeparture":"12/02/2024","customerId":0,"payments":null},{"id":"12","firstName":"test","lastName":"ayushi","noOfPassengers":2,"classOfTravel":"BUSINESS","phoneNo":"7894561232","dateOfDeparture":"12/12/2025","customerId":0,"payments":null},{"id":"123456","firstName":"test vaidehi","lastName":"test vaidehi ln","noOfPassengers":7,"classOfTravel":"BUSINESS","phoneNo":"789465786","dateOfDeparture":"12/12/2025","customerId":0,"payments":null}]